-- ---------------------------------------------------------------------------------------------------------------
-- Data de Criação ........: 03/02/2025                                                                         --
-- Autor(es) ..............: Gabriel Silva, Gabriel Zaranza, Isaac Batista, Manuella Valadares, Marcos Marinho  --
-- Versão .................: 1.9                                                                                --
-- Banco de Dados .........: PostgreSQL                                                                         --
-- Descrição ..............: Popula as tabelas para o jogo Stardew Valley                                       --
-- ---------------------------------------------------------------------------------------------------------------

BEGIN TRANSACTION;

INSERT INTO Habilidade (tipo)
VALUES
    ('mineracao'),
    ('mineracao'),
    ('mineracao'),
    ('mineracao'),
    ('mineracao'),
    ('mineracao'),
    ('mineracao'),
    ('mineracao'),
    ('mineracao'),
    ('mineracao'),
    ('combate'),
    ('combate'),
    ('combate'),
    ('combate'),
    ('combate'),
    ('combate'),
    ('combate'),
    ('combate'),
    ('combate'),
    ('combate'),
    ('cultivo'),
    ('cultivo'),
    ('cultivo'),
    ('cultivo'),
    ('cultivo'),
    ('cultivo'),
    ('cultivo'),
    ('cultivo'),
    ('cultivo'),
    ('cultivo');

-- Inserir registros relacionados nas tabelas habMineracao, habCombate e habCultivo
-- TODO: Trigger pra inserir fk_Habilidade_id 
INSERT INTO habMineracao (fk_Habilidade_id, reducaoEnergiaMinera, minerioBonus, nivel, xpMin, xpMax)
VALUES
    (1, 0, 0, 1, 0, 100),
    (2, 2, 0, 2, 101, 200),
    (3, 4, 0, 3, 201, 300),
    (4, 6, 0, 4, 301, 400),
    (5, 8, 1, 5, 401, 500),
    (6, 10, 1, 6, 501, 600),
    (7, 12, 1, 7, 601, 700),
    (8, 14, 1, 8, 701, 800),
    (9, 16, 1, 9, 801, 900),
    (10, 18, 2, 10, 901, 1000);

-- Preencher habCombate com os valores correspondentes
INSERT INTO habCombate (fk_Habilidade_id, vidaBonus, danoBonus, nivel, xpMin, xpMax)
VALUES
    (11,  0, 0,  1,   0,   100),
    (12,  5, 1,  2, 101,   200),
    (13,  6, 2,  3, 201,   300),
    (14,  8, 2,  4, 301,   400),
    (15, 10, 3,  5, 401,   500),
    (16, 12, 3,  6, 501,   600),
    (17, 14, 4,  7, 601,   700),
    (18, 18, 4,  8, 701,   800),
    (19, 22, 6,  9, 801,   900),
    (20, 26, 7, 10, 901, 90000);

-- Preencher habCultivo com os valores correspondentes
INSERT INTO habCultivo (fk_Habilidade_id, cultivoBonus, reducaoEnergiaCultiva, nivel, xpMin, xpMax)
VALUES
    (21, 0, 0, 1, 0, 100),
    (22, 0, 2, 2, 101, 200),
    (23, 0, 4, 3, 201, 300),
    (24, 0, 6, 4, 301, 400),
    (25, 0, 8, 5, 401, 500),
    (26, 1, 10, 6, 501, 600),
    (27, 1, 12, 7, 601, 700),
    (28, 1, 14, 8, 701, 800),
    (29, 1, 16, 9, 801, 900),
    (30, 2, 18, 10, 901, 1000);

INSERT INTO Jogador (id_jogador, nome, fk_habMineracao_fk_Habilidade_id, fk_habCombate_fk_Habilidade_id, fk_habCultivo_fk_Habilidade_id,moedas)
VALUES
    (0, 'teste', 1, 11, 21,100000);

INSERT INTO inventario(id_inventario, fk_id_jogador)
VALUES
    (0,0);--inventario do jogador 0

INSERT INTO inimigo (id_inimigo, nome, tipo, vidaMax, dano, xp_recompensa) VALUES
    (1, 'Morcego da Caverna',   'caverna', 20.0,  4, 120),
    (2, 'Aranha das Sombras',   'caverna', 20.0,  7,   5),
    (3, 'Golem de Pedras',      'caverna', 50.0, 16,  20),
    (4, 'Rato Gigante',         'caverna', 15.0,  3,   7),
    (5, 'Fantasma Errante',     'caverna', 20.0, 10,   8),
    (6, 'Slime Escuro',         'caverna', 30.0,  6,   3),
    (7, 'Escorpião Caverneiro', 'caverna', 25.0,  9,   9),
    (8, 'Serpente Rochosa',     'caverna', 45.0, 12,  13),
    (9, 'Fungo Venenoso',       'caverna',  5.0,  3,   4),
    (10, 'Lagarto Albino',      'caverna', 35.0,  7,  10);

INSERT INTO Ambiente(id_ambiente,tipo,nome,descricao,eh_casa,transitar_1,transitar_2,transitar_3,transitar_4,transitar_5,transitar_6)
VALUES
(1, 'CasaJogador','Cabana',
 'Casa de troncos herdada pelo seu avô. Um lugar aconchegante para descansar após um longo dia de trabalho.',
 TRUE,  -- É a casa do jogador
 2, 3, 4, 5, NULL, NULL),

(2, 'Plantação','Plantação',
 'Uma vasta área de terra cercada por montanhas. Aqui, você pode plantar sementes.',
 FALSE,
 1, NULL, NULL, NULL, NULL, NULL),

(3, 'Celeiro','Celeiro',
 'Um amplo celeiro de madeira com cheiro de feno fresco.',
 FALSE,
 1, NULL, NULL, NULL, NULL, NULL),

(4, 'Normal','Floresta',
 'Uma floresta densa e vibrante, onde o som dos pássaros e o farfalhar das folhas criam uma melodia serena. Recursos valiosos e segredos aguardam entre as árvores sombrias.',
 FALSE,
 1, 6, 8, 15, NULL, NULL),

(5, 'Normal','Praça da Vila',
 'O coração da vila, cercado por jardins coloridos e bancos confortáveis. É o lugar perfeito para festivais, encontros e compartilhar histórias com os moradores.',
 FALSE,
 1, 9, 13, 12, 11, 10),

(6, 'Loja','Guilda dos Aventureiros',
 'Um refúgio para os bravos. Aqui, aventureiros se reúnem para relatar suas conquistas, comprar equipamentos e aceitar novos desafios.',
 FALSE,
 4, NULL, NULL, NULL, NULL, NULL),

(7, 'Loja','Comércio do Deserto',
 'Um mercado exótico no meio do deserto, onde mercadores misteriosos vendem itens raros e valiosos.',
 FALSE,
 8, NULL, NULL, NULL, NULL, NULL),

(8, 'Normal','Deserto',
 'Um vasto mar de areia escaldante, onde o vento sopra histórias antigas e tesouros esquecidos podem ser desenterrados.',
 FALSE,
 7, 4, NULL, NULL, NULL, NULL),

(9, 'Normal','Centro Comunitário',
 'Um edifício abandonado com um charme nostálgico. Restaurá-lo trará benefícios para toda a vila.',
 FALSE,
 14, 5, NULL, NULL, NULL, NULL),

(10, 'Normal','Praia',
 'Uma orla tranquila, onde as ondas acariciam a areia. É o lugar perfeito para pescar, relaxar ou encontrar tesouros marítimos.',
 FALSE,
 5, NULL, NULL, NULL, NULL, NULL),

(11, 'Loja','Armazém do Pierre',
 'O local favorito dos moradores para adquirir sementes, alimentos frescos e outros suprimentos agrícolas.',
 FALSE,
 5, NULL, NULL, NULL, NULL, NULL),

(12, 'Normal','Clínica do Harvey',
 'Um pequeno consultório médico onde Harvey cuida da saúde dos moradores com atenção e dedicação.',
 FALSE,
 5, NULL, NULL, NULL, NULL, NULL),

(13, 'Loja','Ferreiro',
 'Um local quente e barulhento onde ferramentas ganham vida e minérios são transformados em itens essenciais.',
 FALSE,
 5, NULL, NULL, NULL, NULL, NULL),

(14, 'Loja','Mercado Joja',
 'Uma megaloja moderna e impessoal, onde tudo está à venda... ao custo do espírito comunitário.',
 FALSE,
 9, NULL, NULL, NULL, NULL, NULL),

(15, 'Caverna', 'Caverna',
 'As paredes são cobertas por musgo e pequenas pedras brilham na escuridão. Um lugar ideal para começar a coletar minérios',  
 FALSE,
 4, 16,   NULL, NULL, NULL, NULL),

(16, 'Caverna', 'Andar 1',
 'O ar torna-se mais úmido, com estalactites pendendo do teto e o som distante de gotas de água ecoando. Rochas raras começam a aparecer',
 FALSE,
 15, 17,   NULL, NULL, NULL, NULL),

(17, 'Caverna', 'Andar 2',
 'A iluminação natural diminui, revelando cristais luminescentes que iluminam o caminho. Inimigos mais desafiadores espreitam nas sombras.',
 FALSE,
 16, 18,   NULL, NULL, NULL, NULL),

(18, 'Caverna', 'Andar 3',
 'ma camada de gelo cobre o chão, e o ar é frio o suficiente para ver sua respiração. Inimigos gelados patrulham este nível.',
 FALSE,
 17, 19,   NULL, NULL, NULL, NULL),

(19, 'Caverna', 'Andar 4',
 'Formações rochosas complexas e minerais valiosos são abundantes aqui. O ambiente é silencioso, mas a sensação de ser observado é constante.',
 FALSE,
 18, 20,   NULL, NULL, NULL, NULL),

(20, 'Caverna', 'Andar 5',
 'Poças de lava iluminam o ambiente com um brilho avermelhado. O calor é intenso, e criaturas flamejantes guardam os tesouros deste andar.', 
 FALSE,
 19, 21,   NULL, NULL, NULL, NULL),

(21, 'Caverna', 'Andar 6',
 'Uma escuridão profunda envolve tudo, quebrada apenas por minerais raros que emitem uma luz própria. Apenas os aventureiros mais corajosos chegam tão longe.',
 FALSE,
 20, NULL, NULL, NULL, NULL, NULL);

INSERT INTO loja (fk_id_ambiente, nome, proprietario)
VALUES --fk_id_estoque com números aleatórios
(11, 'Armazém do Pierre', 'Pierre'),
(14, 'Mercado Joja', 'Gerente Joja'),
(13, 'Ferreiro', 'Clint'),
(6, 'Guilda dos Aventureiros', 'Marlon'), 
(7, 'Comércio do Deserto', 'Sandy');

INSERT INTO Celeiro(fk_id_ambiente, qtd_max_animais)
VALUES
(3, 10);

INSERT INTO Plantacao(fk_id_ambiente, qtd_plantas_max)
VALUES
(2, 15);
    
INSERT INTO item (id_item, tipo_item) VALUES
(1, 'consumivel'),
(2, 'consumivel'),
(3, 'consumivel'),
(4, 'consumivel'),
(5, 'consumivel'),
(6, 'consumivel'),
(7, 'consumivel'),
(8, 'consumivel'),
(9, 'consumivel'),
(10, 'consumivel'),
(11, 'consumivel'),
(12, 'consumivel'),
(13, 'consumivel'),
(14, 'consumivel'),
(15, 'consumivel'),
(16, 'consumivel'),
(17, 'consumivel'),
(18, 'consumivel'),
(19, 'consumivel'),
(20, 'consumivel'),
(21, 'consumivel'),
(22, 'consumivel'),
(23, 'consumivel'),
(24, 'consumivel'),
(25, 'consumivel'),
(26, 'consumivel'),
(27, 'consumivel'),
(28, 'consumivel'),
(29, 'consumivel'),
(30, 'consumivel'),
(31, 'consumivel'),
(32, 'consumivel'),
(33, 'consumivel'),
(34, 'consumivel'),
(35, 'consumivel'),
(36, 'consumivel'),
(37, 'consumivel'),
(38, 'consumivel'),
(39, 'consumivel'),

(101, 'mineral'),
(102, 'mineral'),
(103, 'mineral'),
(104, 'mineral'),
(105, 'mineral'),
(106, 'mineral'),
(107, 'mineral'),
(108, 'mineral'),
(109, 'mineral'),
(110, 'mineral'),
(111, 'mineral'),
(112, 'mineral'),
(113, 'mineral'),
(114, 'mineral'),

(201, 'recurso'),
(202, 'recurso'),
(203, 'recurso'),
(204, 'recurso'),
(205, 'recurso'),
(206, 'recurso'),
(207, 'recurso'),
(208, 'recurso'),
(209, 'recurso'),
(210, 'recurso'),
(211, 'recurso'),
(212, 'recurso'),
(213, 'recurso'),
(214, 'recurso'),
(215, 'recurso'),
(216, 'recurso'),
(217, 'recurso'),

(300, 'ferramenta'),
(301, 'ferramenta'),
(302, 'ferramenta'),
(303, 'ferramenta'),
(304, 'ferramenta'),
(305, 'ferramenta'),
(306, 'ferramenta'),
(307, 'ferramenta'),
(308, 'ferramenta'),
(309, 'ferramenta'),
(310, 'ferramenta'),
(311, 'ferramenta'),
(312, 'ferramenta'),
(313, 'ferramenta'),
(314, 'ferramenta'),
(315, 'ferramenta'),

(400, 'arma'),
(401, 'arma'),
(402, 'arma'),
(403, 'arma'),
(404, 'arma'),
(405, 'arma'),
(406, 'arma'),
(407, 'arma'),
(408, 'arma'),
(409, 'arma'),
(410, 'arma'),
(411, 'arma'),
(412, 'arma'),
(413, 'arma'),
(414, 'arma'),
(415, 'arma'),
(416, 'arma'),
(417, 'arma'),
(418, 'arma'),
(419, 'arma'),
(420, 'arma'),
(421, 'arma'),
(422, 'arma'),
(423, 'arma'),
(424, 'arma'),
(425, 'arma'),
(426, 'arma');   

INSERT INTO ferramenta (fk_id_item, nome, descricao, eficiencia, preco) VALUES
(300, 'Enxada', 'Ferramenta básica para arar a terra.', 1, 5),
(301, 'Regador', 'Ferramenta essencial para regar plantações.', 1, 5),
(302, 'Machado', 'Ferramenta para cortar árvores e coletar madeira.', 1, 5),
(303, 'Machado de Cobre', 'Ferramenta para cortar árvores e coletar madeira.', 2, 2000),
(304, 'Machado de Aço', 'Ferramenta para cortar árvores e coletar madeira.', 3, 3000),
(305, 'Machado de Ouro', 'Ferramenta para cortar árvores e coletar madeira.', 4, 4500),
(306, 'Machado de Irídio', 'Ferramenta para cortar árvores e coletar madeira.', 5, 10000),
(307, 'Picareta', 'Ferramenta para quebrar pedras e coletar minérios.', 1, 5),
(308, 'Picareta de Cobre', 'Ferramenta para quebrar pedras e coletar minérios.', 2, 2000),
(309, 'Picareta de Aço', 'Ferramenta para quebrar pedras e coletar minérios.', 3, 3000),
(310, 'Picareta de Ouro', 'Ferramenta para quebrar pedras e coletar minérios.', 4, 4500),
(311, 'Picareta de Irídio', 'Ferramenta para quebrar pedras e coletar minérios.', 5, 10000),
(312, 'Foice', 'Ferramenta para colher plantas e cortar grama.', 1, 5),
(313, 'Tesoura', 'Ferramenta para cortar arbustos e colher frutas.', 1, 150),
(314, 'Martelo', 'Ferramenta para consertar equipamentos e construir estruturas.', 1, 5),
(315, 'Pá de Jardineiro', 'Ferramenta para cavar buracos e plantar flores.', 1, 120);

INSERT INTO arma (fk_id_item, nome, descricao, dano_arma, preco) VALUES
(400, 'Espada enferrujada', 'Uma espada enferrujada e cega', 2, 10),
(401, 'Espada de madeira', 'Nada mal para um pedaço de madeira.', 5, 200),
(402, 'Espada de aço', 'Uma espada padrão.', 6, 2000),
(403, 'Sabre de prata', 'Folheado com prata para reduzir a ferrugem.', 11, 5000),
(404, 'Espada de pirata', 'Parece que um pirata a possuía.', 11, 420),
(405, 'Sabre', 'Um sabre muito bem feito.', 10, 10000),
(406, 'Espada da Floresta', 'Feita com poderosa mágica da floresta.', 13, 600),
(407, 'Lâmina de ferro', 'Uma espada pesada.', 18, 5000),
(408, 'Cabeça de inseto', 'Não muito agradável de segurar.', 15, 750),
(409, 'Gládio de Netuno', 'Herança de além do Mar de Joias.', 27, 15000),
(410, 'Espada Escocesa', 'É muito pesada.', 26, 1400),
(411, 'Espada do templário', 'Já pertenceu a um honrado cavaleiro.', 25, 100000),
(412, 'Espada de ossos', 'Muito leve. Feita de osso polido.', 25, 10),
(413, 'Lâmina Ossificada', 'Uma lâmina grande e afiada formada por ossos.', 34, 1800),
(414, 'Espada de Obsidiana', 'Incrivelmente afiada.', 38, 2200),
(415, 'Dentes de iete', 'Muito frios ao toque.', 34, 20000),
(416, 'Espada temperada', 'Parece aguentar qualquer impacto.', 36, 100),
(417, 'Cimitarra de metal', 'Leve e poderosa.', 37, 2300),
(418, 'Espada das trevas', 'Brilha com uma energia misteriosa.', 38, 2400),
(419, 'Katana de lava', 'Uma lâmina poderosa, forjada em uma piscina de lava.', 60, 40000),
(420, 'Espada Anã', 'É antiga, mas a lâmina nunca desgasta.', 70, 5000),
(421, 'Espada da galáxia', 'Diferente de tudo que você já viu.', 70, 6000),
(422, 'Espada de Dente de Dragão', 'A lâmina foi forjada de um dente mágico.', 83, 7500),
(423, 'Lâmina do Infinito', 'A verdadeira forma da Espada da Galáxia.', 90, 100000),
(424, 'Espada sagrada', 'Dá esperança ao segurar.', 23, 1100);

INSERT INTO consumivel (fk_id_item, nome, descricao, efeito_vida, preco) VALUES
(1, 'Chirívia', 'Uma raiz crocante e ligeiramente doce.', 25, 10),
(2, 'Batata', 'Tubérculo redondo e versátil.', 30, 120),
(3, 'Couve', 'Vegetal verde e rico em nutrientes.', 35, 150),
(4, 'Alho', 'Bulbo picante com diversos usos.', 20, 80),
(5, 'Tomate', 'Fruta vermelha suculenta.', 25, 10),
(6, 'Melão', 'Fruta grande e doce.', 50, 250),
(7, 'Mirtilo', 'Pequena baga azul cheia de sabor.', 15, 70),
(8, 'Oxicoco', 'Fruta vermelha ácida e rara.', 20, 120),
(9, 'Abóbora', 'Grande vegetal laranja.', 40, 300),
(10, 'Coco', 'Fruta tropical com polpa cremosa.', 35, 200),
(11, 'Maçã', 'Fruta crocante e doce.', 25, 120),
(12, 'Damasco', 'Fruta laranja e macia.', 20, 90),
(13, 'Ovo', 'Fonte básica de proteína.', 15, 50),
(14, 'Leite', 'Líquido cremoso e nutritivo.', 25, 150),
(15, 'Queijo', 'Laticínio envelhecido e saboroso.', 35, 300),
(16, 'Maionese', 'Condimento cremoso.', 20, 100),
(17, 'Café', 'Bebida energizante.', 10, 6),
(18, 'Pão', 'Carboidrato assado e básico.', 20, 12),
(19, 'Ovo frito', 'Ovo cozido na frigideira.', 25, 100),
(20, 'Panquecas', 'Prato doce e macio.', 35, 150),
(21, 'Tortilha', 'Pão achatado e simples.', 20, 10),
(22, 'Omelete', 'Mistura de ovos e outros ingredientes.', 30, 180),
(23, 'Sorvete', 'Sobremesa gelada e doce.', 25, 20),
(24, 'Hambúrguer de Sobrevivência', 'Refeição nutritiva para emergências.', 50, 50),
(25, 'Refeição de Mineiro', 'Alimento energético para mineradores.', 45, 45),
(26, 'Café Expresso Triplo', 'Café mais forte para energia extra.', 30, 30),
(27, 'Cenoura subterrânea', 'Raiz nutritiva encontrada no subsolo.', 25, 120),
(28, 'Peixe', 'Fonte rica de proteínas.', 30, 20),
(29, 'Ovo de Pato', 'Fonte rica de proteínas.', 30, 20),
(30, 'Alface', 'Uma folha verde e crocante, ideal para saladas.', 30, 20),
(31, 'Cenoura', 'Um vegetal alaranjado e nutritivo.', 30, 20),
(32, 'Cebola', 'Um bulbo picante e saboroso.', 30, 20),
(33, 'Pimentão', 'Uma fruta colorida e suculenta.', 30, 20),
(34, 'Berinjela', 'Um vegetal roxo e saboroso.', 30, 20),
(35, 'Morango', 'Uma fruta doce e suculenta.', 30, 20),
(36, 'Girassol', 'Uma flor brilhante e alegre.', 30, 20),
(37, 'Trigo', 'Um grão essencial para diversas receitas.', 30, 20),
(38, 'Rabanete', 'Um vegetal picante e crocante.', 30, 20),
(39, 'Uva', 'Frutas roxas deliciosas.', 30, 20);

INSERT INTO mineral (fk_id_item, nome, descricao, resistencia, preco) VALUES
(101, 'Pedra', 'Um material de construção básico.', 10, 20.00),
(102, 'Bronze', 'Um metal utilizado em ferramentas.', 20, 60.00),
(103, 'Ferro', 'Metal resistente e versátil.', 30, 80.00),
(104, 'Ouro', 'Metal precioso e valioso.', 40, 100.00),
(105, 'Fragmento Prismatico', 'Um raro cristal multicolorido.', 50, 2000.00),
(106, 'Água Marinha', 'Uma gema azul-esverdeada brilhante.', 35, 80.00),
(107, 'Carvão', 'Material utilizado para fundição.', 15, 10.00),
(108, 'Rubi', 'Uma gema vermelha reluzente.', 45, 550.00),
(109, 'Jade', 'Uma pedra preciosa verde.', 40, 520.00),
(110, 'Ametista', 'Uma gema roxa brilhante.', 35, 500.00),
(111, 'Esmeralda', 'Uma gema verde de rara beleza.', 50, 1580.00),
(112, 'Madeira', 'Material básico de construção.', 5, 20.00),
(113, 'Diamante', 'Uma gema preciosa e brilhante.', 60, 1500.00),
(114, 'Madeira de Lei', 'Um tipo de madeira mais resistente.', 20, 80.00);

INSERT INTO Caverna (fk_id_ambiente, andar, qtd_minerio, fk_id_minerio_item, fk_id_item_recompensa) VALUES
    (15, 0, 0, 101, 10),
    (16, 1, 5, 102,  2),
    (17, 2, 5, 103,  3),
    (18, 3, 5, 104,  4),
    (19, 4, 3, 105,  5),
    (20, 5, 5, 106,  6),
    (21, 6, 3, 107,  7);

INSERT INTO recurso (fk_id_item, nome, descricao, preco, raridade) VALUES
(201, 'Quartzo', 'Um cristal translúcido muito comum.', 250.00,5),
(202, 'Cristal de terra', 'Um cristal com impurezas de terra.', 400.00,3),
(203, 'Lágrima congelada', 'Uma gema azul brilhante e gelada.', 75.00,2),
(204, 'Quartzo de fogo', 'Cristal com tons de vermelho e calor.', 80.00,3),
(205, 'Fragmentos de estrela', 'Um raro fragmento com brilho celestial.', 2000.00,4),
(206, 'Disco raro', 'Um raro disco para tocar músicas lendárias.', 20.00,5),
(207, 'Pedra de fada', 'Uma pedra encantada com aura mágica.', 125.00,2),
(208, 'Obsidiana', 'Rocha negra com bordas afiadas.', 1000.00,2),
(209, 'Geodo', 'Rochas que podem conter minerais no interior.', 50.00,2),
(210, 'Geodo congelado', 'Geodo formado em ambientes gelados.', 75.00,3),
(211, 'Geodo de magma', 'Geodo encontrado em áreas vulcânicas.', 100.00,3),
(212, 'Omnigeodo', 'Um geodo raro com diversos minerais.', 150.00,3),
(213, 'Tecido', 'Material flexível usado em artesanato.', 50.00,1),
(214, 'Ovo de dinossauro', 'Um ovo de um dinossauro pré histórico', 200.00,5),
(215, 'Trufa', 'Um fungo raro e valioso encontrado por porcos.', 80.00,2),
(216, 'Lã', 'Fibra macia e quente obtida de ovelhas.', 360.00,2),
(217, 'Pele', 'Material resistente e flexível obtido de coelhos.', 450.00,2);

INSERT INTO Planta (nome, descricao, diaDropar, preco, itemDrop)
VALUES
('Melão', 'Uma fruta doce e suculenta típica do verão.', 10, 300, 6),
('Alface', 'Uma folha verde e crocante, ideal para saladas.', 5, 100,30),
('Cenoura', 'Um vegetal alaranjado e nutritivo, cresce bem na primavera.', 12, 200,31),
('Cebola', 'Um bulbo picante e saboroso, colhido no verão.', 8, 150,32),
('Pimentão', 'Uma fruta colorida e suculenta, cresce bem no verão.', 10, 250,33),
('Berinjela', 'Um vegetal roxo e saboroso, colhido no outono.', 15, 300,34),
('Tomate', 'Fruta vermelha suculenta, cresce bem no verão.', 10, 200,5),
('Batata', 'Um tubérculo robusto e nutritivo, colhido na primavera.', 5, 100,2),
('Morango', 'Uma fruta doce da primavera, muito lucrativa.', 13, 350,35),
('Girassol', 'Uma flor brilhante que também pode ser usada para produzir óleo.', 12, 300,36),
('Trigo', 'Uma cultura essencial para fabricação de farinha e cerveja.', 18, 400,37),
('Rabanete', 'Um vegetal picante e crocante que cresce no verão.', 7, 150,38),
('Uva', 'Frutas roxas deliciosas, crescem em vinhedos no outono.', 16, 450,39);

INSERT INTO Animal (id_animal,tipo_animal, diasTotalDropar, itemDrop, preco)
VALUES
    (1, 'Vaca', 1, 14, 2500.00),
    (2, 'Galinha', 1, 13, 150.00),
    (3, 'Cachorro', 0, NULL, 30.00),
    (4, 'Gato', 0, NULL, 30.00),
    (5, 'Cavalo', 0, NULL, 1000.00),
    (6, 'Ovelha', 3, 216, 200.00),
    (7, 'Porco', 3, 215, 3000.00),
    (8, 'Coelho', 2, 217, 100.00),
    (9, 'Pato', 2, 29, 150.00);

INSERT INTO instancia_de_item(fk_id_jogador, fk_id_item, fk_id_inventario)
VALUES
    (0, 101, 0),
    (0, 101, 0),
    (0, 101, 0),
    (0, 400, 0),
    (0, 202, 0),
    (0,  22, 0),
    (0, 301, 0),
    (0, 102, 0),
    (0, 405, 0);

INSERT INTO Historia(dia, historia) VALUES
(1, 'Você sonha que um terremoto desbloqueia a área da Ferrovia.'),
(2, 'Em seu sonho, a Fada da Colheita faz crescer totalmente todas as Lavouras em uma área de 5x5 ao redor da lavoura selecionada.'),
(3, 'Você vê a Bruxa transformando todas as gosmas em Gosmas pretas em um sonho.'),
(4, 'Em um sonho, um meteorito aparece na fazenda, iluminando a noite.'),
(5, 'Você encontra uma cápsula estranha em seu sonho, brilhando com uma luz misteriosa.'),
(6, 'Uma Coruja de Pedra aparece em um quadrado aleatório da fazenda em seu sonho.'),
(7, 'Você sonha que um animal de fazenda nasce, trazendo alegria à sua fazenda.'),
(8, 'Em seu sonho, seu cônjuge pede um filho, e você sente uma onda de emoção.'),
(9, 'Você ouve um som estranho e, em seu sonho, um animal desaparece em um ataque de animal selvagem.'),
(10, 'Em um sonho, nada acontece, mas você sente uma calma estranha.'),
(11, 'Você sonha que um evento de conclusão de conjunto do Centro Comunitário é mostrado, trazendo satisfação.'),
(12, 'Em seu sonho, uma Forte Tempestade de Vento derruba a Árvore Gigante, e você observa em espanto.'),
(13, 'Você vê um meteorito caindo na fazenda em seu sonho, deixando um rastro de luz.'),
(14, 'A Fada da Colheita aparece em seu sonho, fazendo crescer todas as Lavouras ao seu redor.'),
(15, 'Você sonha que a Bruxa deixa um Ovo nulo em um Galinheiro, e você se pergunta o que isso significa.'),
(16, 'Em seu sonho, uma cápsula estranha brilha intensamente na fazenda.'),
(17, 'Você vê um animal de fazenda nascendo em seu sonho, trazendo alegria.'),
(18, 'Em seu sonho, seu cônjuge pede um filho, e você sente um calor no coração.'),
(19, 'Você ouve um som de ataque e, em seu sonho, um animal desaparece.'),
(20, 'Em um sonho, nada acontece, mas você se sente em paz.'),
(21, 'Você sonha que um evento de conclusão de conjunto do Centro Comunitário é mostrado, e você se sente realizado.'),
(22, 'A Fada da Colheita aparece em seu sonho, fazendo crescer todas as Lavouras ao seu redor.'),
(23, 'Você vê um meteorito caindo na fazenda em seu sonho, iluminando a noite.'),
(24, 'Em seu sonho, a Bruxa transforma todas as gosmas em Gosmas pretas.'),
(25, 'Uma Coruja de Pedra aparece em um quadrado aleatório da fazenda em seu sonho.'),
(26, 'Você sonha que um animal de fazenda nasce, trazendo alegria à sua fazenda.'),
(27, 'Em seu sonho, seu cônjuge pede um filho, e você sente uma onda de emoção.'),
(28, 'Você ouve um som estranho e, em seu sonho, um animal desaparece em um ataque de animal selvagem.'),
(29, 'Em um sonho, nada acontece, mas você sente uma calma estranha.'),
(30, 'Você sonha que um evento de conclusão de conjunto do Centro Comunitário é mostrado, trazendo satisfação.'),
(31, 'A Fada da Colheita aparece em seu sonho, fazendo crescer todas as Lavouras ao seu redor.'),
(32, 'Você vê um meteorito caindo na fazenda em seu sonho, deixando um rastro de luz.'),
(33, 'Em seu sonho, a Bruxa deixa um Ovo Dourado em um Galinheiro, e você se pergunta o que isso significa.'),
(34, 'Você encontra uma cápsula estranha em seu sonho, brilhando com uma luz misteriosa.'),
(35, 'Um animal de fazenda nasce em seu sonho, trazendo alegria.'),
(36, 'Em seu sonho, seu cônjuge pede um filho, e você sente um calor no coração.'),
(37, 'Você ouve um som de ataque e, em seu sonho, um animal desaparece.'),
(38, 'Em um sonho, nada acontece, mas você se sente em paz.'),
(39, 'Você sonha que um evento de conclusão de conjunto do Centro Comunitário é mostrado, e você se sente realizado.'),
(40, 'A Fada da Colheita aparece em seu sonho, fazendo crescer todas as Lavouras ao seu redor.'),
(41, 'Você vê um meteorito caindo na fazenda em seu sonho, iluminando a noite.'),
(42, 'Em seu sonho, a Bruxa transforma todas as gosmas em Gosmas pretas.'),
(43, 'Uma Coruja de Pedra aparece em um quadrado aleatório da fazenda em seu sonho.'),
(44, 'Você sonha que um animal de fazenda nasce, trazendo alegria à sua fazenda.'),
(45, 'Em seu sonho, seu cônjuge pede um filho, e você sente uma onda de emoção.'),
(46, 'Você ouve um som estranho e, em seu sonho, um animal desaparece em um ataque de animal selvagem.'),
(47, 'Em um sonho, nada acontece, mas você sente uma calma estranha.'),
(48, 'Você sonha que um evento de conclusão de conjunto do Centro Comunitário é mostrado, trazendo satisfação.'),
(49, 'A Fada da Colheita aparece em seu sonho, fazendo crescer todas as Lavouras ao seu redor.'),
(50, 'Você vê um meteorito caindo na fazenda em seu sonho, iluminando a noite.'),
(51, 'Em seu sonho, a Bruxa transforma todas as gosmas em Gosmas pretas.'),
(52, 'Uma Coruja de Pedra aparece em um quadrado aleatório da fazenda em seu sonho.'),
(53, 'Você sonha que um animal de fazenda nasce, trazendo alegria à sua fazenda.'),
(54, 'Em seu sonho, seu cônjuge pede um filho, e você sente um calor no coração.'),
(55, 'Você ouve um som de ataque e, em seu sonho, um animal desaparece.'),
(56, 'Em um sonho, nada acontece, mas você se sente em paz.'),
(57, 'Você sonha que um evento de conclusão de conjunto do Centro Comunitário é mostrado, e você se sente realizado.'),
(58, 'A Fada da Colheita aparece em seu sonho, fazendo crescer todas as Lavouras ao seu redor.'),
(59, 'Você vê um meteorito caindo na fazenda em seu sonho, deixando um rastro de luz.'),
(60, 'Em seu sonho, a Bruxa deixa um Ovo nulo em um Galinheiro, e você se pergunta o que isso significa.'),
(61, 'Você encontra uma cápsula estranha em seu sonho, brilhando com uma luz misteriosa.'),
(62, 'Um animal de fazenda nasce em seu sonho, trazendo alegria.'),
(63, 'Em seu sonho, seu cônjuge pede um filho, e você sente um calor no coração.'),
(64, 'Você ouve um som de ataque e, em seu sonho, um animal desaparece.'),
(65, 'Em um sonho, nada acontece, mas você se sente em paz.'),
(66, 'Você sonha que um evento de conclusão de conjunto do Centro Comunitário é mostrado, trazendo satisfação.'),
(67, 'A Fada da Colheita aparece em seu sonho, fazendo crescer todas as Lavouras ao seu redor.'),
(68, 'Você vê um meteorito caindo na fazenda em seu sonho, iluminando a noite.'),
(69, 'Em seu sonho, a Bruxa transforma todas as gosmas em Gosmas pretas.'),
(70, 'Uma Coruja de Pedra aparece em um quadrado aleatório da fazenda em seu sonho.'),
(71, 'Você sonha que um animal de fazenda nasce, trazendo alegria à sua fazenda.'),
(72, 'Em seu sonho, seu cônjuge pede um filho, e você sente uma onda de emoção.'),
(73, 'Você ouve um som estranho e, em seu sonho, um animal desaparece em um ataque de animal selvagem.'),
(74, 'Em um sonho, nada acontece, mas você sente uma calma estranha.'),
(75, 'Você sonha que um evento de conclusão de conjunto do Centro Comunitário é mostrado, trazendo satisfação.'),
(76, 'A Fada da Colheita aparece em seu sonho, fazendo crescer todas as Lavouras ao seu redor.'),
(77, 'Você vê um meteorito caindo na fazenda em seu sonho, deixando um rastro de luz.'),
(78, 'Em seu sonho, a Bruxa deixa um Ovo Dourado em um Galinheiro, e você se pergunta o que isso significa.'),
(79, 'Você encontra uma cápsula estranha em seu sonho, brilhando com uma luz misteriosa.'),
(80, 'Um animal de fazenda nasce em seu sonho, trazendo alegria.'),
(81, 'Em seu sonho, seu cônjuge pede um filho, e você sente um calor no coração.'),
(82, 'Você ouve um som de ataque e, em seu sonho, um animal desaparece.'),
(83, 'Em um sonho, nada acontece, mas você se sente em paz.'),
(84, 'Você sonha que um evento de conclusão de conjunto do Centro Comunitário é mostrado, e você se sente realizado.'),
(85, 'A Fada da Colheita aparece em seu sonho, fazendo crescer todas as Lavouras ao seu redor.'),
(86, 'Você vê um meteorito caindo na fazenda em seu sonho, iluminando a noite.'),
(87, 'Em seu sonho, a Bruxa transforma todas as gosmas em Gosmas pretas.'),
(88, 'Uma Coruja de Pedra aparece em um quadrado aleatório da fazenda em seu sonho.'),
(89, 'Você sonha que um animal de fazenda nasce, trazendo alegria à sua fazenda.'),
(90, 'Em seu sonho, seu cônjuge pede um filho, e você sente uma onda de emoção.'),
(91, 'Você ouve um som estranho e, em seu sonho, um animal desaparece em um ataque de animal selvagem.'),
(92, 'Em um sonho, nada acontece, mas você sente uma calma estranha.'),
(93, 'Você sonha que um evento de conclusão de conjunto do Centro Comunitário é mostrado, trazendo satisfação.'),
(94, 'A Fada da Colheita aparece em seu sonho, fazendo crescer todas as Lavouras ao seu redor.'),
(95, 'Você vê um meteorito caindo na fazenda em seu sonho, iluminando a noite.'),
(96, 'Em seu sonho, a Bruxa transforma todas as gosmas em Gosmas pretas.'),
(97, 'Uma Coruja de Pedra aparece em um quadrado aleatório da fazenda em seu sonho.'),
(98, 'Você sonha que um animal de fazenda nasce, trazendo alegria à sua fazenda.'),
(99, 'Em seu sonho, seu cônjuge pede um filho, e você sente um calor no coração.'),
(100, 'Você ouve um som de ataque e, em seu sonho, um animal desaparece em um ataque de animal selvagem.');

INSERT INTO estoque(fk_id_loja, fk_id_item) VALUES
    (11, 1),
    (11, 2),
    (11, 3),
    (11, 4),
    (11, 5),
    (11, 6),
    (11, 7),
    (11, 8),
    (11, 9),
    (11, 10),
    (11, 11),
    (11, 12),
    (11, 16),
    (11, 17),
    (11, 18),
    (11, 19),
    (11, 20),
    (11, 21),
    (11, 22),
    (11, 23),
    (11, 25),
    (11, 26),
    (11, 27),
    (11, 28),
    (11, 30),
    (11, 31),
    (11, 32),
    (11, 33),
    (11, 34),
    (11, 35),
    (11, 36),
    (11, 37),
    (11, 38),
    (11, 39),

    (6,400),
    (6,401),
    (6,402),
    (6,403),
    (6,404),
    (6,405),
    (6,406),
    (6,407),
    (6,408),
    (6,409),
    (6,410),
    (6,411),
    (6,412),
    (6,413),
    (6,414),
    (6,415),
    (6,416),
    (6,417),
    (6,418),
    (6,419),
    (6,420),
    (6,421),
    (6,422),
    (6,423),
    (6,424),
    (6,425),
    
    (7,201),
    (7,202),
    (7,203),
    (7,204),
    (7,205),
    (7,206),
    (7,207),
    (7,208),
    (7,209),
    (7,210),
    (7,211),
    (7,212),
    (7,213),
    (7,214),
    (7,215),
    (7,216),
    (7,217),

    (13,300),
    (13,301),
    (13,302),
    (13,303),
    (13,304),
    (13,305),
    (13,306),
    (13,307),
    (13,308),
    (13,309),
    (13,310),
    (13,311),
    (13,312),
    (13,313),
    (13,314),
    (13,315),

    (14,1),
    (14,2),
    (14,3),
    (14,4),
    (14,5),
    (14,6),
    (14,7),
    (14,8),
    (14,9),
    (14,10),
    (14,11),
    (14,12),
    (14,13),
    (14,14),
    (14,15),
    (14,16),
    (14,17),
    (14,18),
    (14,19),
    (14,20),
    (14,21),
    (14,22),
    (14,23),
    (14,24),
    (14,25),
    (14,26),
    (14,27),
    (14,28),
    (14,29),
    (14,30),
    (14,31),
    (14,32),
    (14,33),
    (14,34),
    (14,35),
    (14,36),
    (14,37),
    (14,38),
    (14,39);
 
COMMIT;